Song,Artist,Sentiment,Valence,Key,Mode,Danceability,Date
Laugh Now Cry Later,Drake Featuring Lil Durk,-0.0097,0.522,0,1,0.761,2020-08-14
Blinding Lights,The Weeknd,0.07,0.334,1,1,0.514,2020-03-20
Whats Poppin,"Jack Harlow Featuring DaBaby, Tory Lanez & Lil Wayne",0.0027,0.835,11,0,0.904,2020-06-24
7 Summers,Morgan Wallen,-0.0227,0.59,0,1,0.457,2020-08-14
Watermelon Sugar,Harry Styles,0.053,0.557,0,1,0.548,2019-12-13
Roses,SAINt JHN,0.0149,0.894,8,1,0.785,2019-09-13
Break My Heart,Dua Lipa,0.0238,0.467,4,0,0.73,2020-03-27
Midnight Sky,Miley Cyrus,0.02,0.259,4,0,0.705,2020-08-14
Adore You,Harry Styles,0.0134,0.569,8,1,0.676,2019-12-13
Circles,Post Malone,0.0215,0.553,0,1,0.695,2019-09-06
Mood Swings,Pop Smoke Featuring Lil Tjay,-0.0105,0.269,10,0,0.48,2020-07-03
Popstar,DJ Khaled Featuring Drake,-0.0493,0.45,5,0,0.8,2020-07-17
Rags2Riches,Rod Wave Featuring ATR Son Son,-0.0112,0.298,5,0,0.874,2020-08-07
Death Bed,Powfu Featuring beabadoobee,0.0273,0.348,8,0,0.726,2020-02-08
Blueberry Faygo,Lil Mosey,-0.0133,0.349,0,1,0.774,2020-02-07
Die From A Broken Heart,Maddie & Tae,0.0114,0.443,9,1,0.596,2020-04-10
Mood,24kGoldn Featuring iann dior,0.0202,0.756,7,0,0.7,2020-07-24
Don't Start Now,Dua Lipa,-0.0228,0.677,11,0,0.794,2019-10-31
The Woo,Pop Smoke Featuring 50 Cent & Roddy Ricch,0.0153,0.286,1,1,0.49,2020-07-03
The Bones,Maren Morris,0.0141,0.334,11,0,0.612,2019-03-08
One Margarita,Luke Bryan,0.0241,0.738,9,1,0.641,2020-03-13
Life Is Good,Future Featuring Drake,-0.0101,0.508,2,0,0.676,2020-01-10
Wishing Well,Juice WRLD,-0.0183,0.0804,9,0,0.65,2020-07-10
Cardigan,Taylor Swift,0.0199,0.551,0,0,0.613,2020-07-24
Smile,Juice WRLD & The Weeknd,0.0023,0.306,6,0,0.694,2020-07-10
Chasin' You,Morgan Wallen,0.0211,0.489,7,1,0.631,2018-04-27
We Paid,Lil Baby & 42 Dugg,0.021,0.564,1,1,0.926,2020-05-01
Cool Again,Kane Brown,0.0332,0.773,4,1,0.608,2020-04-23
Tap In,Saweetie,-0.0212,0.432,10,0,0.954,2020-06-17
Girls In The Hood,Megan Thee Stallion,-0.0232,0.874,6,1,0.821,2020-06-26
Rain On Me,Lady Gaga & Ariana Grande,0.0141,0.646,9,1,0.672,2020-05-22
Emotionally Scarred,Lil Baby,-0.0162,0.266,6,0,0.585,2020-02-28
Got What I Got,Jason Aldean,0.0082,0.303,3,0,0.512,2019-11-22
The Box,Roddy Ricch,-0.0158,0.642,10,0,0.896,2019-12-06
If The World Was Ending,JP Saxe Featuring Julia Michaels,0.0327,0.604,1,1,0.464,2019-10-17
Nobody's Love,Maroon 5,0.0159,0.154,1,1,0.486,2020-07-24
Why We Drink,Justin Moore,0.0156,0.724,6,1,0.624,2019-07-26
The Bigger Picture,Lil Baby,-0.0036,0.153,1,1,0.59,2020-06-12
One Of Them Girls,Lee Brice,0.0144,0.8,4,1,0.643,2020-04-10
Lovin' On You,Luke Combs,0.0425,0.53,4,1,0.572,2019-11-08
My Future,Billie Eilish,0.0773,0.0875,8,1,0.444,2020-07-30
I Love My Country,Florida Georgia Line,0.0131,0.584,4,1,0.527,2020-05-22
Like That,Doja Cat Featuring Gucci Mane,-0.0114,0.405,4,0,0.879,2019-11-07
Be A Light,"Thomas Rhett Featuring Reba McEntire, Hillary Scott, Chris Tomlin & Keith Urban",-0.026,0.264,0,1,0.509,2020-03-30
Kacey Talk,YoungBoy Never Broke Again,-0.0333,0.773,10,0,0.877,2020-09-11
Said Sum,Moneybagg Yo,-0.007,0.274,8,0,0.929,2020-09-18
Bluebird,Miranda Lambert,0.0245,0.613,7,1,0.661,2019-11-01
I Should Probably Go To Bed,Dan + Shay,0.0439,0.309,1,1,0.721,2020-07-31
Lemonade,Internet Money & Gunna Featuring Don Toliver & NAV,0.016,0.471,1,0,0.799,2020-08-14
Un Dia (One Day),"J Balvin, Dua Lipa, Bad Bunny & Tainy",0.0072,0.393,6,0,0.571,2020-07-24
Bang!,AJR,-0.0057,0.698,1,0,0.74,2020-02-12
God Whispered Your Name,Keith Urban,0.017,0.5,2,1,0.594,2020-02-27
24,Money Man Featuring Lil Baby,-0.0106,0.459,2,1,0.868,2020-08-14
Toosie Slide,Drake,-0.0151,0.837,1,0,0.834,2020-04-03
Breaking Me,Topic & A7S,0.0756,0.664,8,0,0.789,2019-12-19
One Beer,HARDY Featuring Lauren Alaina & Devin Dawson,0.0148,0.825,2,1,0.516,2019-09-13
Girl Of My Dreams,Rod Wave,0.0168,0.35,4,0,0.586,2020-04-03
Kings & Queens,Ava Max,-0.0271,0.457,1,0,0.637,2020-09-18
Pretty Heart,Parker McCollum,0.0387,0.385,7,1,0.562,2019-08-30
Dollaz On My Head,Gunna Featuring Young Thug,0.01,0.161,0,1,0.825,2020-05-22
One Night Standards,Ashley McBryde,-0.006,0.611,5,1,0.537,2020-04-03
Martin & Gina,Polo G,0.0289,0.116,1,0,0.832,2020-05-15
Happy Anywhere,Blake Shelton Featuring Gwen Stefani,0.0301,0.669,8,1,0.538,2020-07-24
Got It On Me,Pop Smoke,0.0072,0.195,2,1,0.688,2020-07-03
Some Girls,Jameson Rodgers,0.0191,0.352,8,1,0.431,2018-01-19
After Party,Don Toliver,0.0197,0.453,5,1,0.629,2020-03-13
3 Headed Goat,Lil Durk Featuring Lil Baby & Polo G,0.0133,0.444,8,0,0.837,2020-05-08
Stuck With U,Ariana Grande & Justin Bieber,-0.0219,0.537,8,1,0.597,2020-05-08
Conversations,Juice WRLD,-0.0366,0.57,11,1,0.747,2020-07-10
Caramelo,Ozuna,-0.0228,0.698,6,1,0.728,2020-06-11
Hate The Other Side,Juice WRLD & Marshmello Featuring Polo G & The Kid LAROI,-0.0271,0.647,6,1,0.701,2020-07-10
Righteous,Juice WRLD,0.0046,0.225,0,1,0.706,2020-07-10
Something Special,Pop Smoke,0.0285,0.654,7,0,0.739,2020-07-03
21,Polo G,0.0067,0.533,7,1,0.783,2020-05-15
Lonely If You Are,Chase Rice,-0.012,0.819,7,1,0.681,2020-01-24
All I Want For Christmas Is You,Mariah Carey,0.0105,0.35,7,1,0.336,1994-11-01
Rockin' Around The Christmas Tree,Brenda Lee,0.0479,0.898,8,1,0.589,1964-10-19
Jingle Bell Rock,Bobby Helms,0.1468,0.806,2,1,0.754,1957-12-02
A Holly Jolly Christmas,Burl Ives,0.034,0.888,0,1,0.683,1965-01-01
Roxanne,Arizona Zervas,0.0118,0.457,6,0,0.621,2019-10-10
It's The Most Wonderful Time Of The Year,Andy Williams,0.0306,0.776,7,1,0.24,1963-11-24
Someone You Loved,Lewis Capaldi,0.04,0.446,1,1,0.501,2019-05-17
Memories,Maroon 5,0.0354,0.575,11,1,0.764,2019-09-20
Good As Hell,Lizzo,-0.013,0.535,0,0,0.682,2019-04-17
Feliz Navidad,Jose Feliciano,0.0265,0.963,2,1,0.513,2002-09-24
Dance Monkey,Tones And I,-0.0477,0.513,6,0,0.824,2019-10-17
"Let It Snow, Let It Snow, Let It Snow",Dean Martin,0.0458,0.701,1,1,0.451,1959-01-01
The Christmas Song (Merry Christmas To You),Nat King Cole,0.0904,0.209,1,1,0.319,1905-05-15
"10,000 Hours",Dan + Shay & Justin Bieber,0.0335,0.43,10,1,0.654,2019-10-04
Lose You To Love Me,Selena Gomez,0.0163,0.0978,4,1,0.488,2020-01-10
Ballin',Mustard & Roddy Ricch,0.0081,0.244,7,1,0.809,2019-06-28
BOP,DaBaby,-0.0188,0.836,11,1,0.769,2019-09-27
Rudolph The Red-Nosed Reindeer,Gene Autry,0.1055,0.806,0,1,0.67,1965-01-01
Happy Holiday / The Holiday Season,Andy Williams,0.025,0.744,9,0,0.505,1963-11-24
No Guidance,Chris Brown Featuring Drake,-0.0066,0.136,1,0,0.696,2019-06-28
Bandit,Juice WRLD & YoungBoy Never Broke Again,0.012,0.425,5,0,0.474,2019-10-04
Christmas (Baby Please Come Home),Darlene Love,0.0212,0.36,8,1,0.325,1905-05-16
Panini,Lil Nas X,0.0055,0.496,5,0,0.717,2019-09-13
Underneath The Tree,Kelly Clarkson,0.0123,0.689,8,1,0.509,2013-10-29
Here Comes Santa Claus (Right Down Santa Claus Lane),Gene Autry,0.0938,0.976,1,1,0.834,1905-04-30
Old Town Road,Lil Nas X Featuring Billy Ray Cyrus,0.0102,0.639,6,1,0.878,2019-06-21
Truth Hurts,Lizzo,0.0158,0.412,4,0,0.715,2019-04-19
Run Rudolph Run,Chuck Berry,0.0258,0.957,7,0,0.681,1986-01-01
(There's No Place Like) Home For The Holidays,Perry Como,0.0016,0.736,0,1,0.69,1999-08-20
Heartless,The Weeknd,-0.0175,0.252,10,0,0.537,2020-03-20
Blue Christmas,Elvis Presley,0.3818,0.58,4,1,0.465,1957-10-15
Everything I Wanted,Billie Eilish,0.0141,0.243,6,0,0.704,2019-11-13
Jingle Bells,Frank Sinatra,0.027,0.87,8,1,0.706,2017-10-06
Like It's Christmas,Jonas Brothers,0.017,0.61,1,1,0.725,2019-11-08
Trampoline,SHAED,0.0287,0.537,7,0,0.689,2018-09-21
Woah,Lil Baby,-0.0113,0.43,11,1,0.882,2019-11-08
Futsal Shuffle 2020,Lil Uzi Vert,0.0054,0.296,7,0,0.881,2019-12-12
"You're A Mean One, Mr. Grinch",Thurl Ravenscroft,-0.0481,0.42,2,0,0.517,1966-12-18
Ran$om,Lil Tecca,0.0095,0.226,7,0,0.745,2019-08-30
Falling,Trevor Daniel,0.0269,0.0592,4,1,0.567,2019-12-13
One Man Band,Old Dominion,0.0412,0.478,6,1,0.706,2019-10-25
Hot Girl Bummer,blackbear,-0.0081,0.685,6,0,0.782,2020-08-21
Suicidal,YNW Melly & Juice WRLD,-0.003,0.235,9,0,0.735,2019-11-22
Lover,Taylor Swift,0.0548,0.453,7,1,0.359,2019-08-23
On Chill,Wale Featuring Jeremih,0.0006,0.639,1,1,0.597,2019-10-11
Even Though I'm Leaving,Luke Combs,0.0426,0.624,2,1,0.554,2019-11-08
Graveyard,Halsey,-0.0095,0.187,11,0,0.667,2020-01-17
My Oh My,Camila Cabello Featuring DaBaby,-0.013,0.383,8,1,0.724,2019-12-06
Juicy,Doja Cat & Tyga,0.0076,0.483,0,1,0.786,2019-11-07
Playing Games,Summer Walker,0.0126,0.459,11,0,0.726,2019-10-04
Heat,Chris Brown Featuring Gunna,-0.0071,0.27,5,1,0.357,2020-03-20
Into The Unknown,Idina Menzel & AURORA,0.0203,0.274,10,0,0.323,2019-11-15
VIBEZ,DaBaby,-0.0145,0.777,1,0,0.768,2019-09-27
Heart On Ice,Rod Wave,0.0263,0.244,10,0,0.733,2019-06-14
What If I Never Get Over You,Lady Antebellum,0.0708,0.34,0,1,0.576,2019-11-15
Camelot,NLE Choppa,0.0096,0.761,7,1,0.787,2019-09-13
Heartache Medication,Jon Pardi,0.0259,0.734,9,1,0.621,2019-09-27
Start Wit Me,Roddy Ricch & Gunna,-0.0155,0.408,4,0,0.886,2019-12-06
Take What You Want,Post Malone Featuring Ozzy Osbourne & Travis Scott,0.009,0.272,1,0,0.499,2019-09-06
Leave Em Alone,"Layton Greene, Lil Baby, City Girls & PnB Rock",-0.0013,0.517,6,0,0.76,2019-08-16
Hate Me,Ellie Goulding & Juice WRLD,-0.0167,0.759,8,1,0.657,2019-06-26
Kinfolks,Sam Hunt,0.0408,0.883,0,1,0.569,2020-04-03
Let Me Know (I Wonder Why Freestyle),Juice WRLD,0.0118,0.383,7,0,0.635,2019-12-07
Remember You Young,Thomas Rhett,-0.0032,0.299,6,1,0.396,2019-05-31
Death,Trippie Redd Featuring DaBaby,0.0099,0.348,8,0,0.726,2020-02-08
223's,YNW Melly & 9lokknine,-0.0043,0.695,0,0,0.932,2019-08-09
Slide,H.E.R. Featuring YG,0.0148,0.196,10,0,0.827,2019-09-27
Easy,DaniLeigh Featuring Chris Brown,0.013,0.511,7,1,0.799,2019-05-31
Vete,Bad Bunny,-0.0185,0.526,1,1,0.886,2019-11-21
Baby Sitter,DaBaby Featuring Offset,-0.0201,0.394,1,1,0.852,2019-03-01
Nice To Meet Ya,Niall Horan,0.0136,0.392,4,0,0.591,2019-10-04
Yellow Hearts,Ant Saunders,-0.008,0.695,7,1,0.866,2019-06-18
Tip Toe,Roddy Ricch Featuring A Boogie Wit da Hoodie,0.0049,0.802,6,1,0.849,2020-08-12
Candy,Doja Cat,0.0394,0.48,5,0,0.744,2019-07-05
BEST ON EARTH,Russ & BIA,-0.0206,0.597,5,0,0.846,2020-01-31
Tusa,Karol G & Nicki Minaj,0.049,0.574,2,1,0.803,2019-11-07
Enemies,Post Malone Featuring DaBaby,-0.0129,0.667,6,1,0.542,2019-09-06
HIGHEST IN THE ROOM,Travis Scott,0.0184,0.0605,7,0,0.598,2019-10-04
Bad Guy,Billie Eilish,-0.0169,0.562,7,1,0.701,2019-03-29
Hot,Young Thug Featuring Gunna,-0.0115,0.685,6,0,0.782,2020-08-21
Only Human,Jonas Brothers,0.0262,0.874,0,1,0.795,2019-06-07
Out West,JACKBOYS Featuring Young Thug,-0.0128,0.309,8,1,0.802,2019-12-27
Talk,Khalid,0.0051,0.065,1,0,0.523,2010-10-05
Beautiful People,Ed Sheeran Featuring Khalid,-0.0156,0.548,5,0,0.64,2019-06-28
Suge,DaBaby,0.0077,0.844,2,0,0.876,2019-03-01
Baby,Lil Baby & DaBaby,0.0109,0.684,1,1,0.583,2016-10-28
GANG GANG,JACKBOYS & Sheck Wes,-0.0005,0.568,7,0,0.859,2019-12-27
Ridin' Roads,Dustin Lynch,0.0201,0.592,9,1,0.547,2020-01-17
WHAT TO DO?,JACKBOYS Featuring Don Toliver,-0.0175,0.195,9,0,0.643,2019-12-27
Homesick,Kane Brown,0.017,0.409,8,1,0.701,2019-11-01
GATTI,"JACKBOYS, Pop Smoke & Travis Scott",0.0151,0.472,2,1,0.594,2019-12-27
High Fashion,Roddy Ricch Featuring Mustard,0.0111,0.511,11,0,0.831,2019-12-06
TOES,DaBaby Featuring Lil Baby & Moneybagg Yo,0.0088,0.542,8,1,0.816,2019-09-27
South Of The Border,Ed Sheeran Featuring Camila Cabello & Cardi B,0.0128,0.668,9,0,0.857,2019-07-12
I Hope,Gabby Barrett,0.0079,0.377,6,1,0.466,2020-06-19
We Back,Jason Aldean,-0.0332,0.552,4,0,0.433,2019-11-22
Make Me Want To,Jimmie Allen,0.0035,0.74,2,1,0.519,2018-10-12
homecoming queen?,Kelsea Ballerini,-0.0071,0.29,9,1,0.462,2020-03-20
More Hearts Than Mine,Ingrid Andress,0.0358,0.361,0,1,0.375,2020-03-27
I Wish Grandpas Never Died,Riley Green,0.0228,0.24,6,1,0.445,2019-09-20
Jerry Sprunger,Tory Lanez & T-Pain,0.0156,0.449,0,0,0.76,2019-11-15
Loco Contigo,"DJ Snake, J. Balvin & Tyga",-0.0141,0.371,11,1,0.694,2019-07-25
China,"Anuel AA, Daddy Yankee, Karol G, Ozuna & J Balvin",-0.0197,0.609,7,1,0.786,2019-07-19
Slow Dance In A Parking Lot,Jordan Davis,-0.0694,0.523,7,1,0.523,2018-03-23
July,Noah Cyrus & Leon Bridges,-0.0043,0.322,9,0,0.708,2020-05-15
Senorita,Shawn Mendes & Camila Cabello,0.0249,0.75,9,0,0.759,2019-06-21
Sucker,Jonas Brothers,-0.0188,0.952,1,0,0.842,2019-06-07
No Idea,Don Toliver,0.0172,0.35,6,0,0.652,2020-03-13
U Played,MoneyBagg Yo Featuring Lil Baby,-0.0074,0.881,2,1,0.874,2020-01-10
SUGAR,BrockHampton,0.0219,0.516,1,1,0.453,2019-08-23
What She Wants Tonight,Luke Bryan,0.0174,0.716,8,0,0.484,2019-10-24
Peta,Roddy Ricch Featuring Meek Mill,-0.013,0.269,10,0,0.778,2019-12-06
All I Want,Olivia Rodrigo,0.0156,0.35,7,1,0.336,1994-11-01
I Hope You're Happy Now,Carly Pearce & Lee Brice,0.0348,0.338,10,1,0.592,2020-09-11
20/20,Lil Tjay,0.0108,0.536,4,1,0.886,2020-01-01
ORANGE SODA,Baby Keem,0.0187,0.107,1,1,0.83,2019-07-19
Yummy,Justin Bieber,0.0243,0.494,9,0,0.687,2020-01-03
Sum 2 Prove,Lil Baby,0.0069,0.418,4,0,0.823,2020-01-10
You Should Be Sad,Halsey,-0.0144,0.324,2,1,0.591,2020-01-17
Rare,Selena Gomez,0.0141,0.631,5,1,0.838,2020-01-10
I Don't Care,Ed Sheeran & Justin Bieber,0.0058,0.842,6,1,0.798,2019-05-10
Make No Sense,YoungBoy Never Broke Again,-0.0126,0.962,10,0,0.876,2019-10-11
Eleven,Khalid,0.0164,0.115,4,0,0.701,2020-01-09
Look At Her Now.,Selena Gomez,0.0172,0.55,10,0,0.753,2020-01-10
What A Man Gotta Do,Jonas Brothers,0.0294,0.324,9,1,0.852,2020-01-17
Good News,Mac Miller,-0.0087,0.241,1,0,0.794,2020-01-17
Darkness,Eminem,-0.0043,0.196,2,1,0.67,2020-12-18
Those Kinda Nights,Eminem Featuring Ed Sheeran,0.0198,0.388,4,0,0.805,2020-12-18
Blue World,Mac Miller,0.022,0.508,8,1,0.742,2020-01-17
Circles,Mac Miller,0.0278,0.553,0,1,0.695,2019-09-06
Black Swan,BTS,0.0371,0.49,2,0,0.719,2020-02-21
Leaving Heaven,Eminem Featuring Skylar Grey,0.051,0.508,2,0,0.661,2020-12-18
Complicated,Mac Miller,0.0273,0.427,5,1,0.585,2002-06-04
Hand Me Downs,Mac Miller,0.0198,0.336,2,1,0.677,2020-01-17
Premonition (Intro),Eminem,-0.0161,0.511,1,1,0.847,2020-12-18
I Can See,Mac Miller,0.0226,0.0546,5,0,0.699,2020-01-17
In Too Deep,Eminem,-0.0205,0.591,10,0,0.721,2020-12-18
Woods,Mac Miller,0.0318,0.46,0,1,0.779,2020-01-17
Everybody,Mac Miller,0.0389,0.689,7,0,0.734,2017-08-25
Marsh,Eminem,0.0049,0.0495,1,1,0.871,2020-12-18
No Regrets,Eminem Featuring Don Toliver,0.004,0.0688,9,1,0.755,2020-12-18
Lock It Up,Eminem Featuring Anderson .Paak,-0.0122,0.517,6,0,0.848,2020-12-18
Stepdad,Eminem,-0.0159,0.556,1,1,0.779,2020-12-18
B.I.T.C.H.,Megan Thee Stallion,-0.0207,0.547,11,0,0.742,2020-01-24
Anyone,Demi Lovato,-0.0293,0.317,11,1,0.557,2020-01-27
Letter To Nipsey,Meek Mill Featuring Roddy Ricch,0.0162,0.338,7,0,0.744,2020-01-27
Before You Go,Lewis Capaldi,-0.0447,0.183,3,1,0.459,2019-11-19
Homemade,Jake Owen,0.0197,0.574,6,1,0.51,2019-03-29
Come Thru,Summer Walker & Usher,0.0531,0.46,5,0,0.679,2019-10-04
Underdog,Alicia Keys,0.0247,0.301,0,0,0.656,2020-01-09
First Man,Camila Cabello,0.0291,0.223,7,1,0.572,2019-12-06
What If I Told You That I Love You,Ali Gatie,0.0187,0.224,7,1,0.605,2020-01-24
Unaccommodating,Eminem Featuring Young M.A,-0.0086,0.387,1,1,0.852,2020-12-18
Dive Bar,Garth Brooks & Blake Shelton,0.0126,0.228,9,1,0.867,2012-12-04
I Do It,Lil Wayne Featuring Big Sean & Lil Baby,-0.0058,0.321,1,1,0.804,2020-01-31
Only The Young,Taylor Swift,0.0016,0.602,5,0,0.56,2020-01-31
Mahogany,Lil Wayne,0.0065,0.41,1,0,0.466,2020-01-31
Mama Mia,Lil Wayne,-0.0068,0.961,5,0,0.711,2020-01-31
Nice To Meet Ya,Meghan Trainor Featuring Nicki Minaj,0.0088,0.392,4,0,0.591,2019-10-04
Get Me,Justin Bieber Featuring Kehlani,0.0185,0.767,6,1,0.549,2013-01-01
Catch,Brett Young,0.0174,0.604,2,1,0.566,2018-12-07
Intentions,Justin Bieber Featuring Quavo,-0.0438,0.86,9,1,0.811,2020-02-07
Yikes,Nicki Minaj,0.0056,0.66,8,1,0.911,2020-02-07
Run,Joji,-0.0307,0.415,10,0,0.819,2020-10-02
Rodeo,Lil Nas X & Cardi B Or Nas,0.0139,0.657,9,1,0.706,2019-06-21
KEII,Anuel AA,-0.0217,0.51,0,0,0.708,2020-02-07
Believe,Meek Mill Featuring Justin Timberlake,0.0128,0.666,10,0,0.776,2017-06-23
No Judgement,Niall Horan,-0.0148,0.962,1,0,0.723,2020-02-07
No Time To Die,Billie Eilish,-0.0363,0.0517,4,0,0.38,2020-02-13
Numbers,"A Boogie Wit da Hoodie Featuring Roddy Ricch, Gunna & London On Da Track",-0.0139,0.455,11,0,0.819,2020-02-14
Forever,Justin Bieber Featuring Post Malone & Clever,-0.017,0.456,0,1,0.487,2020-10-23
Dior,Pop Smoke,0.0117,0.648,7,1,0.548,2019-07-26
Go Stupid,Polo G Featuring NLE Choppa & Stunna 4 Vegas,0.0134,0.645,1,1,0.92,2020-05-15
Might Not Give Up,A Boogie Wit da Hoodie Featuring Young Thug,0.0102,0.246,2,1,0.687,2020-02-14
Thug Love,A Boogie Wit da Hoodie,0.0127,0.328,5,0,0.54,2020-02-14
After Hours,The Weeknd,-0.0038,0.143,5,0,0.664,2020-03-20
Ignorantes,Bad Bunny & Sech,-0.011,0.505,1,1,0.85,2020-02-28
Stain,A Boogie Wit da Hoodie Featuring DaBaby,0.007,0.641,2,1,0.705,2015-11-13
Come Around Me,Justin Bieber,0.0098,0.767,2,0,0.648,2020-02-14
Cinderella Story,A Boogie Wit da Hoodie,-0.0112,0.569,4,1,0.639,2020-02-14
Habitual,Justin Bieber,0.0495,0.63,4,1,0.764,2020-02-14
All Around Me,Justin Bieber,0.0378,0.47,9,1,0.473,2006-01-01
Red Eye,YoungBoy Never Broke Again,0.0085,0.327,9,1,0.485,2020-02-21
Fine By Time,YoungBoy Never Broke Again,0.0016,0.333,8,1,0.506,2020-02-21
Bad Bad,YoungBoy Never Broke Again,0.0193,0.892,6,1,0.974,2019-08-16
Knocked Off,YoungBoy Never Broke Again,-0.0153,0.569,6,0,0.752,2020-02-21
Moral Of The Story,Ashe,0.0105,0.265,10,1,0.572,2019-02-14
RIP Lil Phat,YoungBoy Never Broke Again,0.0011,0.608,6,0,0.652,2020-02-21
My Time,BTS,0.0148,0.664,0,0,0.674,2020-02-21
Long RD,YoungBoy Never Broke Again,-0.0135,0.307,4,0,0.768,2020-02-21
Filter,BTS,0.0423,0.86,10,0,0.781,2020-02-21
Bat Man,YoungBoy Never Broke Again,0.017,0.745,1,0,0.782,2020-02-21
The Man,Taylor Swift,0.0114,0.633,0,1,0.777,2019-08-23
Shake The Room,Pop Smoke Featuring Quavo,-0.0046,0.437,2,1,0.733,2020-02-07
Feel Me,Selena Gomez,0.022,0.392,2,0,0.71,2020-02-21
Stupid Love,Lady Gaga,0.0206,0.784,8,1,0.68,2020-05-29
Commercial,Lil Baby Featuring Lil Uzi Vert,0.0063,0.535,11,0,0.892,2020-02-28
La Dificil,Bad Bunny,-0.1085,0.761,8,0,0.685,2020-02-28
PTSD,"G Herbo Featuring Chance The Rapper, Juice WRLD & Lil Uzi Vert",-0.0139,0.805,1,0,0.883,2020-02-28
Get Ugly,Lil Baby,0.014,0.0734,1,0,0.681,2020-02-28
No Sucker,Lil Baby & Moneybagg Yo,0.0075,0.851,0,1,0.9,2020-02-28
How,Lil Baby,0.0142,0.357,11,1,0.812,2020-10-02
Pero Ya No,Bad Bunny,-0.011,0.742,4,1,0.882,2020-02-28
Forever,Lil Baby Featuring Lil Wayne,-0.0037,0.456,0,1,0.487,2020-10-23
Yo Perreo Sola,Bad Bunny,-0.0114,0.453,11,1,0.86,2020-02-28
Same Thing,Lil Baby,0.0081,0.363,6,1,0.662,2020-11-06
Bichiyal,Bad Bunny & Yaviah,-0.0214,0.662,10,0,0.737,2020-02-28
We Should,Lil Baby & Young Thug,0.01,0.562,9,0,0.562,2020-02-28
Solia,Bad Bunny,-0.0329,0.184,2,1,0.71,2020-02-28
Sunday Best,Surfaces,0.0325,0.694,5,1,0.878,2019-01-06
Can't Explain,Lil Baby,0.0061,0.119,10,1,0.642,2020-02-28
Baby Pluto,Lil Uzi Vert,-0.0089,0.671,10,0,0.772,2020-03-06
Lo Mein,Lil Uzi Vert,-0.0105,0.509,1,1,0.855,2020-03-06
Silly Watch,Lil Uzi Vert,0.0098,0.157,8,1,0.903,2020-03-06
P2,Lil Uzi Vert,0.0138,0.49,11,0,0.775,2020-03-06
I Love Me,Demi Lovato,0.0169,0.713,6,1,0.664,2020-03-06
Homecoming,Lil Uzi Vert,-0.0056,0.918,1,1,0.667,2007-09-11
B.S.,Jhene Aiko Featuring H.E.R.,-0.0189,0.377,8,0,0.617,2020-03-06
Prices,Lil Uzi Vert,0.0052,0.57,7,1,0.786,2020-03-06
POP,Lil Uzi Vert,-0.0068,0.45,5,0,0.8,2020-07-17
Bigger Than Life,Lil Uzi Vert,-0.0115,0.716,8,0,0.776,2020-03-06
Celebration Station,Lil Uzi Vert,-0.008,0.792,6,1,0.748,2020-03-06
You Better Move,Lil Uzi Vert,0.011,0.306,8,1,0.842,2020-03-06
I'm Sorry,Lil Uzi Vert,-0.002,0.799,6,0,0.94,2016-01-19
Venetia,Lil Uzi Vert,0.0033,0.562,9,1,0.775,2020-03-06
Chrome Heart Tags,Lil Uzi Vert,-0.008,0.574,0,1,0.702,2020-03-06
Bust Me,Lil Uzi Vert,-0.0161,0.608,11,1,0.734,2020-03-06
Happiness Over Everything (H.O.E.),Jhene Aiko Featuring Future & Miguel,0.0167,0.867,1,0,0.415,2020-03-06
Captain Hook,Megan Thee Stallion,0.0111,0.545,10,0,0.863,2020-03-06
Urgency,Lil Uzi Vert Featuring Syd,-0.0057,0.471,1,1,0.619,2020-03-06
SkyBox,Gunna,-0.0097,0.343,1,1,0.779,2020-03-06
Triggered,Jhene Aiko,0.0102,0.391,0,1,0.485,2020-03-06
None Of Your Concern,Jhene Aiko Featuring Big Sean,0.0043,0.373,9,0,0.437,2020-03-06
Myron,Lil Uzi Vert,-0.0118,0.573,8,0,0.771,2020-03-13
Bean (Kobe),Lil Uzi Vert Featuring Chief Keef,0.0159,0.319,0,1,0.733,2020-03-13
Yessirskiii,Lil Uzi Vert & 21 Savage,0.0021,0.763,8,1,0.895,2020-03-13
Lotus,Lil Uzi Vert,0.0021,0.345,9,0,0.512,2011-10-28
Wassup,Lil Uzi Vert Featuring Future,0.0071,0.626,5,0,0.762,2020-03-13
Strawberry Peels,Lil Uzi Vert Featuring Young Thug & Gunna,0.0095,0.658,10,0,0.862,2020-03-13
Moon Relate,Lil Uzi Vert,0.008,0.34,7,1,0.867,2020-03-13
I Can Show You,Lil Uzi Vert,0.0129,0.314,10,0,0.817,2020-03-13
Trap This Way (This Way),Lil Uzi Vert,-0.004,0.207,2,1,0.71,2020-03-13
Leaders,Lil Uzi Vert Featuring NAV,0.0137,0.886,0,0,0.95,2020-03-13
No Auto,Lil Uzi Vert Featuring Lil Durk,-0.0158,0.565,11,0,0.765,2018-12-21
Come This Way,Lil Uzi Vert,0.0103,0.619,1,1,0.682,2020-03-13
Got The Guap,Lil Uzi Vert Featuring Young Thug,0.0085,0.749,8,1,0.837,2020-03-13
Cardigan,Don Toliver,-0.0183,0.551,0,0,0.613,2020-07-24
In Your Eyes,The Weeknd,-0.0388,0.717,7,0,0.667,2020-03-20
Alone Again,The Weeknd,-0.0227,0.0599,4,0,0.218,2020-03-20
Scared To Live,The Weeknd,0.025,0.196,0,1,0.504,2020-03-20
Hardest To Love,The Weeknd,0.009,0.108,10,1,0.467,2020-03-20
Too Late,The Weeknd,0.026,0.226,4,0,0.638,2020-03-20
Snowchild,The Weeknd,-0.0231,0.243,0,1,0.55,2020-03-20
Escape From LA,The Weeknd,-0.0109,0.168,5,0,0.404,2020-03-20
Save Your Tears,The Weeknd,0.0133,0.644,0,1,0.68,2020-03-20
Faith,The Weeknd,0.0212,0.128,0,0,0.375,2020-03-20
Repeat After Me (Interlude),The Weeknd,-0.029,0.141,0,1,0.555,2020-03-20
Until I Bleed Out,The Weeknd,-0.0304,0.148,0,0,0.245,2020-03-20
Walk Em Down,NLE Choppa Featuring Roddy Ricch,0.0172,0.645,2,1,0.867,2020-03-19
Turks,"NAV, Gunna & Travis Scott",-0.0026,0.389,7,0,0.893,2020-03-27
Believe It,PARTYNEXTDOOR & Rihanna,0.0086,0.731,6,1,0.43,2020-03-27
Last Time I Say Sorry,Kane Brown & John Legend,-0.0028,0.205,9,1,0.263,2020-03-27
Find My Way,DaBaby,-0.0185,0.7,4,0,0.836,2020-04-17
Fuck The World,Rod Wave,-0.0109,0.234,3,0,0.679,2020-02-07
Thief In The Night,Rod Wave,0.0118,0.276,7,0,0.505,2020-04-03
Tycoon,Future,-0.0158,0.85,1,0,0.858,2020-04-01
I Remember,Rod Wave,-0.0152,0.49,0,1,0.345,1989-01-24
The Greatest,Rod Wave,0.0043,0.586,0,1,0.732,2020-04-03
Ribbon In The Sky,Rod Wave,0.0094,0.398,0,1,0.412,2020-04-03
Here And Now,Kenny Chesney,0.0275,0.712,9,1,0.509,2020-05-01
Thug Life,Rod Wave,-0.0388,0.631,1,1,0.441,2020-08-07
No Weakness,Rod Wave,-0.0135,0.55,10,0,0.707,2020-08-07
Level Of Concern,twenty one pilots,0.0087,0.77,4,0,0.754,2020-04-09
Boyfriend,Selena Gomez,0.002,0.702,10,0,0.4,2019-08-02
Broke In A Minute,Tory Lanez,-0.0143,0.802,0,0,0.929,2020-04-10
DND,Polo G,-0.0045,0.231,0,0,0.779,2020-05-15
In Between,Scotty McCreery,0.0228,0.393,11,1,0.592,2018-01-12
Ride It.,Regard,-0.0152,0.884,7,0,0.88,2019-07-26
Boss Bitch,Doja Cat,-0.0068,0.575,10,0,0.707,2020-01-23
@ MEH,Playboi Carti,0.008,0.4,11,0,0.876,2020-04-16
I'm Ready,Sam Smith & Demi Lovato,0.0267,0.414,6,1,0.748,2020-11-10
PICK UP,DaBaby Featuring Quavo,-0.015,0.43,7,0,0.711,2016-09-16
NASTY,DaBaby Featuring Ashanti & Megan Thee Stallion,0.0197,0.456,6,0,0.772,2020-10-30
More Than My Hometown,Morgan Wallen,0.032,0.574,6,1,0.621,2020-04-17
CAN'T STOP,DaBaby,-0.0096,0.875,9,1,0.618,2002-07-09
BLAME IT ON BABY,DaBaby,0.0069,0.864,9,1,0.875,2020-04-17
DROP,DaBaby Featuring A Boogie Wit da Hoodie & London On Da Track,0.0133,0.499,0,1,0.468,2001-03-27
TALK ABOUT IT,DaBaby,-0.0106,0.439,1,1,0.951,2020-04-17
CHAMPION,DaBaby,0.0072,0.396,5,0,0.642,2018-05-18
I Dare You,Kelly Clarkson,0.0318,0.436,2,1,0.655,2020-12-19
The Scotts,"THE SCOTTS, Travis Scott & Kid Cudi",0.0157,0.28,0,0,0.716,2020-04-24
Goosebumps,Travis Scott,0.0059,0.43,7,1,0.841,2016-09-16
Sasuke,Lil Uzi Vert,-0.0045,0.153,1,1,0.859,2020-04-24
Ain't Easy,YoungBoy Never Broke Again,0.0085,0.514,11,0,0.738,2020-04-24
Party Girl,StaySolidRocky,0.0202,0.629,6,0,0.728,2020-04-21
Diamonds,YoungBoy Never Broke Again,0.0155,0.556,10,0,0.653,2020-09-17
Drinking Alone,Carrie Underwood,-0.0068,0.477,5,0,0.691,2018-09-14
Thug Of Spades,YoungBoy Never Broke Again Featuring DaBaby,-0.0083,0.573,0,0,0.599,2020-04-24
Chicago Freestyle,Drake Featuring Giveon,0.0144,0.0397,10,1,0.735,2020-05-01
Not You Too,Drake Featuring Chris Brown,-0.0085,0.316,9,0,0.458,2020-05-01
Desires,Drake Featuring Future,0.0164,0.554,5,0,0.812,2020-05-01
Be Kind,Marshmello & Halsey,0.0284,0.452,4,1,0.63,2020-05-01
Time Flies,Drake,-0.0037,0.5,10,1,0.864,2020-05-01
Deep Pockets,Drake,0.0102,0.374,7,0,0.473,2020-05-01
Landed,Drake,-0.0235,0.715,7,1,0.881,2020-05-01
War,Drake,0.0106,0.309,4,0,0.365,2015-10-30
Six Feet Apart,Luke Combs,0.0171,0.449,6,1,0.565,2020-05-01
Social Distancing,Lil Baby,0.0019,0.36,5,1,0.849,2020-05-01
Low Down,Lil Baby,-0.0191,0.154,10,0,0.962,2020-05-01
Don't Rush,Young T & Bugsey Featuring Headie One,-0.008,0.346,2,1,0.959,2020-06-12
Gooba,6ix9ine,-0.0266,0.393,1,1,0.611,2020-05-08
Can I,Kehlani Featuring Tory Lanez,-0.008,0.5,9,1,0.641,2019-11-14
Zoo York,Lil Tjay Featuring Fivio Foreign & Pop Smoke,-0.0086,0.303,6,0,0.565,2020-05-08
Toxic,Kehlani,-0.0134,0.924,5,0,0.774,2003-11-13
Go Crazy,Chris Brown & Young Thug,-0.0145,0.581,0,0,0.755,2020-05-08
Viral Moment,Lil Durk,0.0153,0.264,1,1,0.545,2020-05-08
Flex,Polo G Featuring Juice WRLD,-0.0143,0.35,10,0,0.752,2020-05-15
Solitaires,Future Featuring Travis Scott,0.0219,0.488,1,1,0.691,2020-05-15
X,Jonas Brothers Featuring Karol G,0.0081,0.401,11,0,0.732,2017-08-25
Trillionaire,Future Featuring YoungBoy Never Broke Again,0.0112,0.473,0,1,0.768,2020-05-15
Trapped In The Sun,Future,-0.0076,0.118,6,0,0.701,2020-05-15
All Bad,Future Featuring Lil Uzi Vert,-0.0033,0.667,6,0,0.931,2020-05-15
Hard To Choose One,Future,-0.0032,0.254,10,1,0.884,2020-05-15
Ridin Strikers,Future,-0.013,0.134,1,1,0.595,2020-05-15
Hitek Tek,Future,0.0146,0.188,2,1,0.873,2020-05-15
Posted With Demons,Future,0.0096,0.449,4,0,0.931,2020-05-15
Touch The Sky,Future,0.016,0.554,9,1,0.552,2005-08-30
One Of My,Future,-0.0026,0.598,1,1,0.95,2020-05-15
Harlem Shake,Future Featuring Young Thug,-0.0113,0.282,0,1,0.452,2013-02-12
Don't Believe The Hype,Polo G,0.0067,0.418,10,0,0.622,2020-05-15
Beautiful Pain (Losin My Mind),Polo G,-0.0057,0.512,1,0,0.597,2020-05-15
33,Polo G,-0.0074,0.117,5,0,0.732,2020-05-15
I Know,Polo G,0.0136,0.557,5,0,0.807,2020-05-15
Cooler Than A Bitch,Gunna Featuring Roddy Ricch,0.0051,0.618,11,0,0.837,2020-05-22
Top Floor,Gunna Featuring Travis Scott,0.0102,0.481,8,0,0.823,2020-05-22
Wunna,Gunna,-0.0366,0.313,0,1,0.89,2020-05-22
Blindfold,Gunna Featuring Lil Baby,0.0247,0.219,2,1,0.889,2020-05-22
Need It,Migos Featuring YoungBoy Never Broke Again,0.006,0.897,11,0,0.852,2020-05-22
Argentina,Gunna,0.0152,0.356,1,1,0.804,2020-05-22
Met Gala,Gunna,0.01,0.956,1,1,0.873,2020-05-22
Nasty Girl / On Camera,Gunna,-0.0045,0.522,0,1,0.598,2020-05-22
Gimmick,Gunna,0.0138,0.58,2,1,0.938,2020-05-22
ily,surf mesa Featuring Emilee,0.0138,0.33,11,0,0.674,2019-11-26
Tell Me U Luv Me,Juice WRLD & Trippie Redd,0.0106,0.394,2,1,0.66,2020-07-10
One Big Country Song,LOCASH,0.0129,0.553,5,1,0.547,2019-03-29
T.D,"Lil Yachty & Tierra Whack Featuring A$AP Rocky & Tyler, The Creator",0.006,0.746,10,0,0.784,2020-05-29
Alice,Lady Gaga,0.0393,0.323,11,0,0.723,2020-05-29
Hasta Que Dios Diga,Anuel AA & Bad Bunny,-0.0387,0.855,8,1,0.691,2020-05-29
Lose Somebody,Kygo & OneRepublic,-0.0098,0.507,1,1,0.58,2020-05-15
Otherside Of America,Meek Mill,0.0054,0.403,5,0,0.73,2020-06-05
Deep End Freestyle,Sleepy Hallow,0.0011,0.776,4,0,0.876,2020-04-03
Hard Days,Brantley Gilbert,0.015,0.41,8,1,0.308,2020-06-05
Worldwide Beautiful,Kane Brown,0.024,0.57,11,1,0.517,2020-06-04
Trollz,6ix9ine & Nicki Minaj,-0.0129,0.493,1,1,0.744,2020-06-12
Make It Rain,Pop Smoke Featuring Rowdy Rebel,0.0058,0.565,1,1,0.54,2020-06-12
Go!,Kid LAROI & Juice WRLD,-0.0191,0.353,9,1,0.512,2020-12-11
Shotta Flow 5,NLE Choppa,-0.0108,0.77,1,1,0.806,2020-06-12
Snow On Tha Bluff,J. Cole,0.0115,0.235,8,0,0.586,2020-06-16
Tommy Lee,Tyla Yaweh & Post Malone,0.0068,0.634,10,1,0.457,2020-06-12
Do It,Chloe X Halle,0.0106,0.566,5,0,0.725,2020-06-03
Done,Chris Janson,0.0086,0.763,9,1,0.565,2019-10-18
The Man Who Loves You The Most,Zac Brown Band,0.0261,0.44,3,1,0.506,2020-06-12
Need Me,J.I The Prince Of N.Y,-0.0223,0.732,10,0,0.815,2019-10-11
My Truck,Breland,0.0227,0.55,2,1,0.883,2020-05-22
One Shot,YoungBoy Never Broke Again Featuring Lil Baby,0.0072,0.261,1,0,0.589,2020-06-18
Wash Us In The Blood,Kanye West Featuring Travis Scott,-0.0167,0.381,10,1,0.67,2020-06-30
Know My Rights,6LACK Featuring Lil Baby,-0.0149,0.542,1,0,0.789,2020-06-26
Stick That In Your Country Song,Eric Church,0.0099,0.405,0,0,0.536,2020-06-25
I Called Mama,Tim McGraw,-0.0247,0.514,2,1,0.499,2020-08-21
Gangstas,Pop Smoke,-0.0092,0.557,4,0,0.548,2020-07-03
44 Bulldog,Pop Smoke,-0.004,0.318,8,1,0.8,2020-07-03
Yea Yea,Pop Smoke,0.0251,0.448,5,0,0.717,2020-07-03
What You Know Bout Love,Pop Smoke,0.0144,0.543,10,1,0.709,2020-07-03
Bad Bitch From Tokyo (Intro),Pop Smoke,0.0329,0.674,10,0,0.645,2020-07-03
Enjoy Yourself,Pop Smoke Featuring Karol G,-0.0099,0.461,11,0,0.764,2020-07-03
Creature,Pop Smoke Featuring Swae Lee,0.0079,0.404,8,1,0.763,2020-03-13
West Coast Shit,Pop Smoke Featuring Tyga & Quavo,-0.0122,0.495,11,0,0.831,2020-07-03
YaYa,6ix9ine,-0.0228,0.354,11,1,0.672,2020-07-03
Come & Go,Juice WRLD x Marshmello,0.0182,0.535,0,1,0.625,2020-07-10
Blood On My Jeans,Juice WRLD,0.0011,0.464,6,1,0.868,2020-07-10
Titanic,Juice WRLD,-0.0197,0.234,1,0,0.567,2020-07-10
Bad Energy,Juice WRLD,-0.0362,0.532,7,1,0.654,2020-07-10
Stay High,Juice WRLD,-0.0101,0.433,8,1,0.745,2020-07-10
Fighting Demons,Juice WRLD,0.0199,0.235,7,0,0.707,2020-07-10
Up Up And Away,Juice WRLD,-0.0139,0.486,4,0,0.661,2020-07-10
Screw Juice,Juice WRLD,-0.0118,0.515,5,0,0.595,2020-07-10
I Want It,Juice WRLD,0.0008,0.147,4,0,0.288,2020-07-10
Man Of The Year,Juice WRLD,0.0192,0.298,4,1,0.621,2020-07-10
My Affection,Summer Walker & PARTYNEXTDOOR,0.0236,0.233,7,1,0.632,2020-07-10
The 1,Taylor Swift,0.0333,0.172,0,1,0.777,2020-07-24
The Last Great American Dynasty,Taylor Swift,0.0272,0.706,7,1,0.686,2020-07-24
My Tears Ricochet,Taylor Swift,-0.0071,0.111,0,1,0.456,2020-07-24
August,Taylor Swift,0.0389,0.403,5,1,0.532,2020-07-24
Mirrorball,Taylor Swift,-0.0197,0.379,2,1,0.553,2020-07-24
Seven,Taylor Swift,0.0277,0.415,4,1,0.596,2020-07-24
Invisible String,Taylor Swift,0.0369,0.45,4,0,0.653,2020-07-24
This Is Me Trying,Taylor Swift,-0.0026,0.412,9,1,0.515,2020-07-24
Betty,Taylor Swift,-0.0046,0.502,0,1,0.593,2020-07-24
Mad Woman,Taylor Swift,0.0134,0.506,3,1,0.592,2020-07-24
Lion King On Ice,J. Cole,-0.0081,0.227,6,0,0.732,2020-07-22
Epiphany,Taylor Swift,0.0953,0.113,1,1,0.354,2020-07-24
Peace,Taylor Swift,-0.0254,0.339,5,1,0.647,2020-07-24
Hoax,Taylor Swift,0.0024,0.429,8,1,0.662,2020-07-24
Perfect,Logic,0.0054,0.168,8,1,0.599,2017-03-03
Move Ya Hips,A$AP Ferg Featuring  Nicki Minaj & MadeinTYO,0.0151,0.0653,4,1,0.809,2020-07-30
WAP,Cardi B Featuring Megan Thee Stallion,-0.0118,0.357,1,1,0.935,2020-08-07
Letter From Houston,Rod Wave,0.0278,0.758,11,0,0.681,2020-08-07
Freestyle,Rod Wave,0.0129,0.255,2,0,0.877,2017-12-01
Heather,Conan Gray,0.0175,0.27,5,1,0.357,2020-03-20
Dynamite,BTS,0.017,0.737,6,0,0.746,2020-08-28
Rockstar,DaBaby Featuring Roddy Ricch,0.0106,0.497,11,1,0.746,2020-04-17
Savage Love (Laxed - Siren Beat),Jawsh 685 x Jason Derulo,0.0117,0.761,0,0,0.767,2020-06-11
For The Night,Pop Smoke Featuring Lil Baby & DaBaby,-0.0071,0.347,6,0,0.823,2020-07-03
Savage,Megan Thee Stallion Featuring Beyonce,-0.0062,0.761,0,0,0.767,2020-06-11
Be Like That,Kane Brown With Swae Lee & Khalid,0.0062,0.322,7,1,0.727,2020-07-10
Chasin' You,Morgan Wallen,0.0211,0.489,7,1,0.631,2018-04-27
Say So,Doja Cat Featuring Nicki Minaj,0.0006,0.786,11,0,0.787,2019-11-07
Greece,DJ Khaled Featuring Drake,0.0011,0.229,5,1,0.695,2020-07-16
Lemonade,Internet Money & Gunna Featuring Don Toliver & NAV,0.017,0.471,1,0,0.799,2020-08-14
The Plan,Travis Scott,0.035,0.0363,1,0,0.433,2020-08-22
Hawai,Maluma,0.0301,0.609,6,0,0.766,2020-11-05
My Ex's Best Friend,Machine Gun Kelly X blackbear,-0.0112,0.298,5,0,0.731,2020-09-25
All In,YoungBoy Never Broke Again,-0.0199,0.279,8,1,0.511,2020-09-11
La Jeepeta,Nio Garcia x Anuel AA x Myke Towers x Brray x Juanka,0.0127,0.786,4,0,0.815,2020-04-24
You Broke Me First.,Tate McRae,-0.0169,0.0799,4,1,0.642,2020-04-17
Spicy,Nas Featuring Fivio Foreign & A$AP Ferg,0.012,0.118,4,0,0.782,2020-10-23
Exile,Taylor Swift Featuring Bon Iver,0.0092,0.152,6,1,0.298,2020-07-24
My Window,YoungBoy Never Broke Again Featuring Lil Wayne,0.0096,0.571,8,0,0.778,2020-09-11
OK Not To Be OK,Marshmello & Demi Lovato,0.0022,0.263,1,0,0.743,2020-09-10
Drug Addiction,YoungBoy Never Broke Again,0.0027,0.676,1,0,0.819,2020-09-11
Ice Cream,BLACKPINK X Selena Gomez,0.0136,0.887,4,1,0.785,2020-10-02
Gone Too Soon,Andrew Jannakos,0.0032,0.459,4,0,0.529,2020-09-15
Dead Trollz,YoungBoy Never Broke Again,0.0034,0.761,6,1,0.524,2020-09-11
Relacion,"Sech, Daddy Yankee & J Balvin Featuring ROSALIA, Farruko",0.0106,0.835,5,1,0.793,2020-09-04
Cross Roads,YoungBoy Never Broke Again,-0.0144,0.439,0,1,0.714,2020-09-11
Hit Different,SZA Featuring Ty Dolla $ign,0.016,0.716,0,0,0.679,2020-09-04
The Last Backyard...,YoungBoy Never Broke Again,0.0079,0.815,6,1,0.592,2020-09-11
Over Now,Calvin Harris X The Weeknd,-0.0155,0.679,4,0,0.612,2020-08-28
Caramelo,Ozuna x Karol G x Myke Towers,-0.0228,0.698,6,1,0.728,2020-06-11
Love You Like I Used To,Russell Dickerson,0.0276,0.61,10,1,0.501,2020-02-11
Right Foot Creep,YoungBoy Never Broke Again,-0.0184,0.815,3,0,0.725,2020-09-11
Starting Over,Chris Stapleton,0.0222,0.318,10,1,0.638,2020-08-27
Ain't Always The Cowboy,Jon Pardi,0.0375,0.551,9,1,0.539,2019-09-27
Everywhere But On,Matt Stell,-0.012,0.309,6,1,0.563,2019-10-25
You Got It,VEDO,0.0025,0.391,5,1,0.774,2020-03-27
Lets Link,WhoHeem,-0.0085,0.522,10,0,0.839,2020-08-20
Dirty Stick,YoungBoy Never Broke Again,-0.01,0.349,0,1,0.614,2020-09-11
Holy,Justin Bieber Featuring Chance The Rapper,0.0117,0.372,6,1,0.673,2020-09-18
I Hope,Gabby Barrett Featuring Charlie Puth,0.0075,0.377,6,1,0.466,2020-06-19
Diamonds,Sam Smith,-0.0011,0.556,10,0,0.653,2020-09-17
Without You,Luke Combs Featuring Amanda Shires,0.0273,0.467,0,1,0.662,2020-11-06
Relacion,"Sech, Daddy Yankee & J Balvin Featuring ROSALIA & Farruko",0.0106,0.835,5,1,0.793,2020-09-04
Dolly,Lil Tecca Featuring Lil Uzi Vert,0.0045,0.589,7,0,0.664,2020-09-18
When You Down,Lil Tecca Featuring Polo G & Lil Durk,-0.0128,0.308,1,1,0.514,2020-09-18
Me Gusta,Anitta Featuring Cardi B & Myke Towers,0.0195,0.807,6,0,0.91,2020-09-18
Wet. (She Got That...) ,YFN Lucci,-0.0064,0.316,1,0,0.695,2020-02-14
Whole Lotta Choppas,Sada Baby,-0.0159,0.277,1,1,0.926,2020-08-14
Blind,DaBaby Featuring Young Thug,0.0072,0.334,1,1,0.514,2020-03-20
Wolves,Big Sean Featuring Post Malone,0.0132,0.325,2,1,0.724,2020-09-04
Franchise,Travis Scott Featuring Young Thug & M.I.A.,-0.0197,0.547,8,0,0.835,2020-09-25
Forget Me Too,Machine Gun Kelly & Halsey,-0.0044,0.522,1,1,0.654,2020-09-25
Epidemic,Polo G,-0.0015,0.476,1,1,0.616,2020-09-25
Bloody Valentine,Machine Gun Kelly,-0.0157,0.506,2,1,0.533,2020-09-25
U 2 Luv,Ne-Yo & Jeremih,-0.0013,0.65,6,1,0.626,2020-05-29
Better,Zayn,0.0249,0.67,0,1,0.552,2019-11-08
Drunk Face,Machine Gun Kelly,0.0103,0.344,7,0,0.691,2020-09-25
"Big, Big Plans",Chris Lane,0.0033,0.4,7,1,0.574,2019-06-28
"Ay, Dios Mio!",Karol G,-0.0752,0.531,11,1,0.718,2020-07-10
Good Time,Niko Moon,0.0126,0.641,5,1,0.79,2020-02-14
Put Your Records On,Ritt Momney,0.0378,0.151,6,0,0.399,2020-04-24
Money Over Fallouts,Tory Lanez,0.0082,0.444,8,1,0.568,2020-09-25
Moral Of The Story,Ashe Featuring Niall Horan,0.0152,0.265,10,1,0.572,2019-02-14
Savage Love (Laxed - Siren Beat),Jawsh 685 x Jason Derulo x BTS,0.0087,0.761,0,0,0.767,2020-06-11
Runnin,21 Savage & Metro Boomin,-0.0014,0.415,10,0,0.819,2020-10-02
Mr. Right Now,21 Savage & Metro Boomin Featuring Drake,0.0076,0.704,5,1,0.647,2020-10-02
Wonder,Shawn Mendes,0.0417,0.132,1,0,0.333,2020-10-02
Glock In My Lap,21 Savage & Metro Boomin,0.0147,0.202,10,0,0.847,2020-10-02
Dreams,Fleetwood Mac,0.0212,0.789,0,1,0.828,1977-02-04
Don't Stop,Megan Thee Stallion Featuring Young Thug,-0.0087,0.514,4,1,0.5,1905-06-03
Slidin,21 Savage & Metro Boomin,0.0109,0.382,2,1,0.774,2020-10-02
Many Men,21 Savage & Metro Boomin,-0.0112,0.281,10,0,0.635,2020-10-02
Fallin',Why Don't We,0.0141,0.0592,4,1,0.567,2019-12-13
Outta Time,Bryson Tiller Featuring Drake,-0.0123,0.338,5,0,0.714,2020-10-02
My Dawg,21 Savage & Metro Boomin,-0.0016,0.364,0,0,0.831,2020-10-02
Brand New Draco,21 Savage & Metro Boomin,-0.0026,0.439,11,0,0.697,2020-10-02
Lovesick Girls,BLACKPINK,0.0432,0.464,6,1,0.658,2020-10-02
Snitches & Rats,21 Savage & Metro Boomin Featuring Young Nudy,0.0072,0.494,9,1,0.821,2020-10-02
No Opp Left Behind,21 Savage & Metro Boomin,-0.0105,0.26,8,1,0.823,2020-10-02
Levitating,Dua Lipa Featuring DaBaby,0.0227,0.915,6,0,0.702,2020-10-01
Steppin On N*ggas,21 Savage & Metro Boomin,-0.0142,0.726,7,1,0.842,2020-10-01
RIP Luv,21 Savage & Metro Boomin,0.0203,0.0657,5,0,0.63,2020-10-02
Always Forever,Bryson Tiller,-0.0113,0.36,8,1,0.174,2013-10-15
Years Go By,Bryson Tiller,0.015,0.0658,1,1,0.374,2020-10-02
Said N Done,21 Savage & Metro Boomin,0.0111,0.479,11,1,0.775,2020-10-02